Chronometer,GrainID,Age_Ma,Age_1sigma_Ma,PairID,PairRole,UseForModel
HblAr,Hbl001,103.473266201251,2.90498990823155,,,1
HblAr,Hbl002,95.5698086627025,2.86717807500365,,,1
HblAr,Hbl003,99.0030542870975,2.88463867456835,,,1
HblAr,Hbl004,97.189194598715,3.28782052443632,,,1
HblAr,Hbl005,102.184818653985,3.10004347776179,,,1
HblAr,Hbl006,99.5462917081576,3.04023388998537,,,1
HblAr,Hbl007,105.274245868852,2.71720089442614,,,1
HblAr,Hbl008,98.4180875457477,3.04942742911495,,,1
HblAr,Hbl009,102.58597999445,2.46192507854702,,,1
HblAr,Hbl010,102.361817277779,2.93073692382354,,,1
HblAr,Hbl011,99.2601651313468,2.30322858201008,,,1
HblAr,Hbl012,94.9557906779661,3.02874915864843,,,1
HblAr,Hbl013,108.039904800871,3.09950565660162,,,1
HblAr,Hbl014,96.6288514397949,2.76495926822913,,,1
HblAr,Hbl015,104.614253343817,3.58239201279183,,,1
HblAr,Hbl016,102.341208182404,2.70061994652445,,,1
HblAr,Hbl017,108.671300068375,3.27335864132799,,,1
HblAr,Hbl018,104.484308832485,3.03313222811249,,,1
HblAr,Hbl019,101.460531360548,2.54098196447096,,,1
HblAr,Hbl020,108.157358839788,3.65540116792738,,,1
HblAr,Hbl021,101.633564059253,2.5675404574103,,,1
HblAr,Hbl022,95.0933405671236,2.83146738633933,,,1
HblAr,Hbl023,107.419101728383,3.3115052912601,,,1
HblAr,Hbl024,97.5333890788674,3.00635895456513,,,1
HblAr,Hbl025,102.85493419936,3.30579433189432,,,1
HblAr,Hbl026,99.1723942821349,2.6159357800288,,,1
HblAr,Hbl027,105.096451030222,2.56807103603,,,1
HblAr,Hbl028,106.60761606188,3.45445104907533,,,1
HblAr,Hbl029,106.593060785932,3.24133033527937,,,1
HblAr,Hbl030,107.942620815353,3.53703227875731,,,1
HblAr,Hbl031,106.215299426481,3.648437359092,,,1
HblAr,Hbl032,99.0367092251655,3.17942316717116,,,1
HblAr,Hbl033,95.7746408223474,2.86577562783922,,,1
HblAr,Hbl034,96.7881147161326,2.78696239062322,,,1
HblAr,Hbl035,98.7229853518827,3.2410385506563,,,1
HblAr,Hbl036,107.343522048833,3.17484161874336,,,1
HblAr,Hbl037,104.662188305561,2.71755664206565,,,1
HblAr,Hbl038,104.352896870163,3.42330068167315,,,1
HblAr,Hbl039,105.250645804036,3.50372877789878,,,1
HblAr,Hbl040,101.274915104354,3.03066469577616,,,1
HblAr,Hbl041,100.966692776805,2.67741661524749,,,1
HblAr,Hbl042,103.646710372433,2.98778407047577,,,1
HblAr,Hbl043,103.693162618953,3.17911294978714,,,1
HblAr,Hbl044,96.5716660314088,3.1754784875995,,,1
HblAr,Hbl045,97.1606072752047,2.73347400008138,,,1
HblAr,Hbl046,104.383062524789,2.98881357107566,,,1
HblAr,Hbl047,95.2931733419011,3.19876464374682,,,1
HblAr,Hbl048,94.7077747449624,2.77739351762727,,,1
HblAr,Hbl049,104.098861869549,3.17349078695542,,,1
HblAr,Hbl050,103.683625768104,3.75949743580899,,,1
HblAr,Hbl051,101.415487698671,2.62177490640638,,,1
HblAr,Hbl052,94.8831878119949,3.13345316012215,,,1
HblAr,Hbl053,95.8552085028653,2.50395708164902,,,1
HblAr,Hbl054,107.461480561246,3.10709238996751,,,1
HblAr,Hbl055,103.109038850929,3.72203570556754,,,1
HblAr,Hbl056,100.699432153753,2.97843385383239,,,1
HblAr,Hbl057,101.453012911727,2.88822791083466,,,1
HblAr,Hbl058,106.092053980947,3.07178756890828,,,1
HblAr,Hbl059,96.1177484324777,2.70593659609673,,,1
HblAr,Hbl060,98.8458882550474,2.83292911212393,,,1
HblAr,Hbl061,141.137251245554,3.73520233036228,,,1
HblAr,Hbl062,141.762928380484,4.14954124358806,,,1
HblAr,Hbl063,138.450675609972,4.12532839491436,,,1
HblAr,Hbl064,129.176318037492,3.95111013154059,,,1
HblAr,Hbl065,134.316402650463,4.14986017792474,,,1
HblAr,Hbl066,120.810962183592,3.95705326139516,,,1
HblAr,Hbl067,136.209362524247,3.69274621562273,,,1
HblAr,Hbl068,121.377597672178,3.26062358410771,,,1
HblAr,Hbl069,136.818487715305,4.32620446729279,,,1
HblAr,Hbl070,122.887944822619,3.67395186444947,,,1
HblAr,Hbl071,119.526539004507,3.05852034450526,,,1
HblAr,Hbl072,120.958534704289,3.76560628794561,,,1
HblAr,Hbl073,116.059764056572,3.60810175291405,,,1
HblAr,Hbl074,137.562188535606,4.14384964958467,,,1
HblAr,Hbl075,137.972031471751,3.70187486411555,,,1
HblAr,Hbl076,131.448000497398,4.16962514476893,,,1
HblAr,Hbl077,120.840884031662,3.70682821356931,,,1
HblAr,Hbl078,118.506630125321,3.82186063795467,,,1
HblAr,Hbl079,116.573868993119,3.69055752100927,,,1
HblAr,Hbl080,120.972445308957,3.96915493638857,,,1
HblAr,Hbl081,142.725666049494,4.30396428903316,,,1
HblAr,Hbl082,123.24610525105,3.61642999097435,,,1
HblAr,Hbl083,126.628139816516,3.90351726324958,,,1
HblAr,Hbl084,119.16036453444,3.71541227024283,,,1
HblAr,Hbl085,122.670839142445,3.87501598217201,,,1
HblAr,Hbl086,131.576737123406,3.58321705606059,,,1
HblAr,Hbl087,134.23258049287,3.79396557732964,,,1
HblAr,Hbl088,123.360569424986,4.01804324116317,,,1
HblAr,Hbl089,117.731964776754,3.66844501748024,,,1
HblAr,Hbl090,127.730986073822,4.10584204274236,,,1
HblAr,Hbl091,123.02610112779,3.95846980186222,,,1
HblAr,Hbl092,122.586617696894,3.76044156091391,,,1
HblAr,Hbl093,144.795884081404,4.53747152204435,,,1
HblAr,Hbl094,134.489014577772,4.57734232154258,,,1
HblAr,Hbl095,132.706353295163,4.05735156939371,,,1
HblAr,Hbl096,128.4732531057,4.01736523269751,,,1
HblAr,Hbl097,128.868330002904,3.61785429416216,,,1
HblAr,Hbl098,132.227150115142,3.9449957935521,,,1
HblAr,Hbl099,136.892894211083,4.3593373869372,,,1
HblAr,Hbl100,137.064382885455,3.92765667151695,,,1
ApHe,Ap001,83.6569771898129,3.56108790914631,ApPair:Ap001,expected_younger,1
ApHe,Ap002,73.9993720089957,2.37216939532435,ApPair:Ap002,expected_younger,1
ApHe,Ap003,50.6943803609105,2.11833028335553,ApPair:Ap003,expected_younger,1
ApHe,Ap004,50.2461529398566,2.10142783300185,ApPair:Ap004,expected_younger,1
ApHe,Ap005,74.9105260096464,2.6195262747527,ApPair:Ap005,expected_younger,1
ApHe,Ap006,55.9221162610371,2.67730531150412,ApPair:Ap006,expected_younger,1
ApHe,Ap007,67.058571579523,2.77724982259204,ApPair:Ap007,expected_younger,1
ApHe,Ap008,50.4691149397031,2.81871437094666,ApPair:Ap008,expected_younger,1
ApHe,Ap009,47.3850275728046,1.20523592327523,ApPair:Ap009,expected_younger,1
ApHe,Ap010,74.9266652885001,2.69190535490735,ApPair:Ap010,expected_younger,1
ApHe,Ap011,70.6342408133394,3.10879849002069,ApPair:Ap011,expected_younger,1
ApHe,Ap012,63.406738109561,2.17486543245644,ApPair:Ap012,expected_younger,1
ApHe,Ap013,32.768233565005,1.49179875047874,ApPair:Ap013,expected_younger,1
ApHe,Ap014,62.376421302963,2.92128359076853,ApPair:Ap014,expected_younger,1
ApHe,Ap015,84.904447020314,2.56008051482816,ApPair:Ap015,expected_younger,1
ApHe,Ap016,55.9079218666464,2.26314647114864,ApPair:Ap016,expected_younger,1
ApHe,Ap017,77.6136376409125,3.11294760657332,ApPair:Ap017,expected_younger,1
ApHe,Ap018,65.426970756168,2.22128218955604,ApPair:Ap018,expected_younger,1
ApHe,Ap019,60.491034642147,3.04646880559657,ApPair:Ap019,expected_younger,1
ApHe,Ap020,30.8250660676509,1.53102945200061,ApPair:Ap020,expected_younger,1
ApHe,Ap021,40.0611516659855,1.79217414062339,ApPair:Ap021,expected_younger,1
ApHe,Ap022,49.3361573659079,2.13643600530516,ApPair:Ap022,expected_younger,1
ApHe,Ap023,58.2461358985605,2.24689599122058,ApPair:Ap023,expected_younger,1
ApHe,Ap024,35.9584089716828,1.78545148094791,ApPair:Ap024,expected_younger,1
ApHe,Ap025,73.8977622533532,3.11831114820987,ApPair:Ap025,expected_younger,1
ApHe,Ap026,62.2346093051735,3.01853400565693,ApPair:Ap026,expected_younger,1
ApHe,Ap027,66.9146031261394,3.13708363785883,ApPair:Ap027,expected_younger,1
ApHe,Ap028,37.7972234836315,1.40176150131129,ApPair:Ap028,expected_younger,1
ApHe,Ap029,77.2796115894057,3.27576620531484,ApPair:Ap029,expected_younger,1
ApHe,Ap030,77.1883833036731,2.82139777257893,ApPair:Ap030,expected_younger,1
ApHe,Ap031,41.8317359509509,1.51440748196473,ApPair:Ap031,expected_younger,1
ApHe,Ap032,80.3141994324148,2.909095357702,ApPair:Ap032,expected_younger,1
ApHe,Ap033,52.4040583918343,2.53161475013919,ApPair:Ap033,expected_younger,1
ApHe,Ap034,65.1170997850446,2.895014630785,ApPair:Ap034,expected_younger,1
ApHe,Ap035,85.8044280677789,3.84734495738521,ApPair:Ap035,expected_younger,1
ApHe,Ap036,72.7775818493461,3.33206947222809,ApPair:Ap036,expected_younger,1
ApHe,Ap037,72.3172764299218,2.98132034251999,ApPair:Ap037,expected_younger,1
ApHe,Ap038,48.7815491779142,2.67761466858293,ApPair:Ap038,expected_younger,1
ApHe,Ap039,74.2104137571671,2.96388532404204,ApPair:Ap039,expected_younger,1
ApHe,Ap040,30.3695906269308,1.03456829218565,ApPair:Ap040,expected_younger,1
ApHe,Ap041,43.49937721415,1.2180420681021,ApPair:Ap041,expected_younger,1
ApHe,Ap042,51.9565877359651,2.46393589637031,ApPair:Ap042,expected_younger,1
ApHe,Ap043,58.7362036517297,2.94709766747703,ApPair:Ap043,expected_younger,1
ApHe,Ap044,58.9164484623943,2.30942979431398,ApPair:Ap044,expected_younger,1
ApHe,Ap045,42.5093578317594,0.696781729779439,ApPair:Ap045,expected_younger,1
ApHe,Ap046,76.3752287294762,3.33451658821753,ApPair:Ap046,expected_younger,1
ApHe,Ap047,66.7309242174338,1.61594313883722,ApPair:Ap047,expected_younger,1
ApHe,Ap048,39.5863888058619,1.93922705556768,ApPair:Ap048,expected_younger,1
ApHe,Ap049,42.1653227592805,2.76105672580242,ApPair:Ap049,expected_younger,1
ApHe,Ap050,51.6766781286969,2.02037193268194,ApPair:Ap050,expected_younger,1
ApHe,Ap051,52.8163568241799,1.67651867864872,ApPair:Ap051,expected_younger,1
ApHe,Ap052,40.4070735902054,1.93222029963648,ApPair:Ap052,expected_younger,1
ApHe,Ap053,69.774134147727,3.40239233504913,ApPair:Ap053,expected_younger,1
ApHe,Ap054,59.1849283555713,2.44154049411599,ApPair:Ap054,expected_younger,1
ApHe,Ap055,72.4401384240901,3.64986468367076,ApPair:Ap055,expected_younger,1
ApHe,Ap056,54.9740425917869,1.56481446877596,ApPair:Ap056,expected_younger,1
ApHe,Ap057,62.0465601023191,2.48767060820099,ApPair:Ap057,expected_younger,1
ApHe,Ap058,55.6645984190548,2.55607837852291,ApPair:Ap058,expected_younger,1
ApHe,Ap059,44.6488371211467,2.08125403915139,ApPair:Ap059,expected_younger,1
ApHe,Ap060,61.5645848328369,1.5214016733026,ApPair:Ap060,expected_younger,1
ApHe,Ap061,65.4224109413101,3.20043818182844,ApPair:Ap061,expected_younger,1
ApHe,Ap062,81.395498971304,3.40460555589098,ApPair:Ap062,expected_younger,1
ApHe,Ap063,49.0761811980236,1.85357037362413,ApPair:Ap063,expected_younger,1
ApHe,Ap064,53.1115893298723,1.23075711702395,ApPair:Ap064,expected_younger,1
ApHe,Ap065,68.6704274128025,3.54641398674292,ApPair:Ap065,expected_younger,1
ApHe,Ap066,39.9951303077394,0.958881118355241,ApPair:Ap066,expected_younger,1
ApHe,Ap067,56.2703545078726,1.91434175054721,ApPair:Ap067,expected_younger,1
ApHe,Ap068,76.2794388099295,2.79396974806613,ApPair:Ap068,expected_younger,1
ApHe,Ap069,60.6226230311678,3.24638237341943,ApPair:Ap069,expected_younger,1
ApHe,Ap070,59.7726506377858,2.65723617612489,ApPair:Ap070,expected_younger,1
ApHe,Ap071,54.8292408768919,2.39328118475036,ApPair:Ap071,expected_younger,1
ApHe,Ap072,68.9943722400016,2.45581499968509,ApPair:Ap072,expected_younger,1
ApHe,Ap073,42.6617031703818,2.0443691491418,ApPair:Ap073,expected_younger,1
ApHe,Ap074,59.6852969930494,2.55320881788237,ApPair:Ap074,expected_younger,1
ApHe,Ap075,62.5617821101976,3.57570779858847,ApPair:Ap075,expected_younger,1
ApHe,Ap076,63.6333825637159,3.26367586794797,ApPair:Ap076,expected_younger,1
ApHe,Ap077,81.0241574197126,2.70623810345439,ApPair:Ap077,expected_younger,1
ApHe,Ap078,83.0333657754261,3.48124122032091,ApPair:Ap078,expected_younger,1
ApHe,Ap079,56.7265007854365,1.83414029336592,ApPair:Ap079,expected_younger,1
ApHe,Ap080,91.8713491640512,3.69623053326122,ApPair:Ap080,expected_younger,1
ApHe,Ap081,127.331316569646,4.80565528432194,ApPair:Ap081,expected_younger,1
ApHe,Ap082,129.450203621712,4.98729843691461,ApPair:Ap082,expected_younger,1
ApHe,Ap083,120.092688400019,4.5996545508964,ApPair:Ap083,expected_younger,1
ApHe,Ap084,138.461563259447,5.86667184353226,ApPair:Ap084,expected_younger,1
ApHe,Ap085,123.522506624993,4.70506129926906,ApPair:Ap085,expected_younger,1
ApHe,Ap086,125.083974392726,5.56440067271162,ApPair:Ap086,expected_younger,1
ApHe,Ap087,125.078850245101,4.83781526538102,ApPair:Ap087,expected_younger,1
ApHe,Ap088,123.608333242347,4.47120241427002,ApPair:Ap088,expected_younger,1
ApHe,Ap089,119.029476441726,5.12824701816024,ApPair:Ap089,expected_younger,1
ApHe,Ap090,133.58689588176,5.19067604455165,ApPair:Ap090,expected_younger,1
ApHe,Ap091,74.664916179501,2.90237639173617,ApPair:Ap091,expected_younger,1
ApHe,Ap092,97.6375585155479,4.25229592410895,ApPair:Ap092,expected_younger,1
ApHe,Ap093,100.208352555,3.89532581009542,ApPair:Ap093,expected_younger,1
ApHe,Ap094,90.5543753532455,3.17375344995695,ApPair:Ap094,expected_younger,1
ApHe,Ap095,74.0811675787164,2.79504500511462,ApPair:Ap095,expected_younger,1
ApHe,Ap096,79.24536084534,4.60297222432456,ApPair:Ap096,expected_younger,1
ApHe,Ap097,92.3138443202754,3.99213594240849,ApPair:Ap097,expected_younger,1
ApHe,Ap098,104.482364721936,4.52038479307474,ApPair:Ap098,expected_younger,1
ApHe,Ap099,82.6016569194034,3.41041175366047,ApPair:Ap099,expected_younger,1
ApHe,Ap100,90.899420613489,3.00281459361584,ApPair:Ap100,expected_younger,1
ApHe,Ap101,98.2573368667294,3.75683269351972,ApPair:Ap101,expected_younger,1
ApHe,Ap102,99.3556447390927,4.40512980486414,ApPair:Ap102,expected_younger,1
ApHe,Ap103,123.096264321477,3.54887474999086,ApPair:Ap103,expected_younger,1
ApHe,Ap104,107.286988941531,4.01626183497595,ApPair:Ap104,expected_younger,1
ApUPb,Ap001,112.540012017546,2.2022507989767,ApPair:Ap001,expected_older,1
ApUPb,Ap002,106.866171595378,2.49561212523288,ApPair:Ap002,expected_older,1
ApUPb,Ap003,104.61606394497,2.77667941045094,ApPair:Ap003,expected_older,1
ApUPb,Ap004,99.4006106306545,2.54388392116712,ApPair:Ap004,expected_older,1
ApUPb,Ap005,98.7264971021748,2.22074276872179,ApPair:Ap005,expected_older,1
ApUPb,Ap006,93.0701971004944,3.09142572511592,ApPair:Ap006,expected_older,1
ApUPb,Ap007,88.2253621253335,0.988356278005679,ApPair:Ap007,expected_older,1
ApUPb,Ap008,89.7047208038234,2.08465802820823,ApPair:Ap008,expected_older,1
ApUPb,Ap009,93.8823880408473,2.57989085599152,ApPair:Ap009,expected_older,1
ApUPb,Ap010,99.6667702324262,2.83700688212151,ApPair:Ap010,expected_older,1
ApUPb,Ap011,102.189638369706,2.47659701662591,ApPair:Ap011,expected_older,1
ApUPb,Ap012,99.3202031296472,2.24109053466827,ApPair:Ap012,expected_older,1
ApUPb,Ap013,89.549474551247,2.16967643333819,ApPair:Ap013,expected_older,1
ApUPb,Ap014,122.106621919882,2.64444099417151,ApPair:Ap014,expected_older,1
ApUPb,Ap015,106.700898980139,2.20507488477971,ApPair:Ap015,expected_older,1
ApUPb,Ap016,106.348238806462,2.62466256054975,ApPair:Ap016,expected_older,1
ApUPb,Ap017,112.482600297006,2.40087343964786,ApPair:Ap017,expected_older,1
ApUPb,Ap018,101.125298205347,2.18283830582619,ApPair:Ap018,expected_older,1
ApUPb,Ap019,110.661633576028,3.06352437175797,ApPair:Ap019,expected_older,1
ApUPb,Ap020,87.5621233534672,2.59821318362759,ApPair:Ap020,expected_older,1
ApUPb,Ap021,98.0982954460875,2.62966556038914,ApPair:Ap021,expected_older,1
ApUPb,Ap022,92.4210608074408,1.91074729072172,ApPair:Ap022,expected_older,1
ApUPb,Ap023,92.5309822705806,1.19573681381366,ApPair:Ap023,expected_older,1
ApUPb,Ap024,87.460372406034,2.48481996529476,ApPair:Ap024,expected_older,1
ApUPb,Ap025,103.937817583845,2.31036638553152,ApPair:Ap025,expected_older,1
ApUPb,Ap026,104.797570458514,1.84031213852523,ApPair:Ap026,expected_older,1
ApUPb,Ap027,101.257741587134,2.6768388584763,ApPair:Ap027,expected_older,1
ApUPb,Ap028,84.0624664319466,2.19273869165205,ApPair:Ap028,expected_older,1
ApUPb,Ap029,106.895568105146,2.91469017883888,ApPair:Ap029,expected_older,1
ApUPb,Ap030,104.852101133066,2.20279188717594,ApPair:Ap030,expected_older,1
ApUPb,Ap031,98.5612994179684,1.52915989446801,ApPair:Ap031,expected_older,1
ApUPb,Ap032,104.386346750396,3.2237723673067,ApPair:Ap032,expected_older,1
ApUPb,Ap033,92.6423747012316,1.90436674133778,ApPair:Ap033,expected_older,1
ApUPb,Ap034,93.9512111035649,2.60482496097476,ApPair:Ap034,expected_older,1
ApUPb,Ap035,107.361626600806,3.06878911137297,ApPair:Ap035,expected_older,1
ApUPb,Ap036,94.2183345810031,2.54117763642986,ApPair:Ap036,expected_older,1
ApUPb,Ap037,99.3261473141549,2.18696705469666,ApPair:Ap037,expected_older,1
ApUPb,Ap038,103.452363358154,2.33540617031978,ApPair:Ap038,expected_older,1
ApUPb,Ap039,105.509563516248,2.65876139565941,ApPair:Ap039,expected_older,1
ApUPb,Ap040,88.3879574499426,2.56884118922127,ApPair:Ap040,expected_older,1
ApUPb,Ap041,86.7642689337177,1.59850182964183,ApPair:Ap041,expected_older,1
ApUPb,Ap042,89.4211553267158,1.63522259159019,ApPair:Ap042,expected_older,1
ApUPb,Ap043,101.939757038508,3.0053189919612,ApPair:Ap043,expected_older,1
ApUPb,Ap044,99.584383871445,3.13598594524447,ApPair:Ap044,expected_older,1
ApUPb,Ap045,92.8604079820524,2.43111330192844,ApPair:Ap045,expected_older,1
ApUPb,Ap046,107.67507136839,2.84681026922599,ApPair:Ap046,expected_older,1
ApUPb,Ap047,100.852939881446,2.78695467364147,ApPair:Ap047,expected_older,1
ApUPb,Ap048,95.3501609071919,2.48905045474146,ApPair:Ap048,expected_older,1
ApUPb,Ap049,100.023583285297,2.33811613456381,ApPair:Ap049,expected_older,1
ApUPb,Ap050,107.379007228156,2.03470678499972,ApPair:Ap050,expected_older,1
ApUPb,Ap051,89.5942765824724,2.46424930721161,ApPair:Ap051,expected_older,1
ApUPb,Ap052,91.6216937104806,1.89286012411799,ApPair:Ap052,expected_older,1
ApUPb,Ap053,108.827563479771,2.58474957742647,ApPair:Ap053,expected_older,1
ApUPb,Ap054,99.0865224414154,2.95434881956727,ApPair:Ap054,expected_older,1
ApUPb,Ap055,100.627342786381,2.31665302466412,ApPair:Ap055,expected_older,1
ApUPb,Ap056,98.6192547221276,3.06148499519908,ApPair:Ap056,expected_older,1
ApUPb,Ap057,89.491996012453,1.61212588086908,ApPair:Ap057,expected_older,1
ApUPb,Ap058,88.9271863817425,2.40032797889247,ApPair:Ap058,expected_older,1
ApUPb,Ap059,98.8500451859442,3.35183355764375,ApPair:Ap059,expected_older,1
ApUPb,Ap060,89.8476172012711,1.634959961265,ApPair:Ap060,expected_older,1
ApUPb,Ap061,88.2687423482474,1.2152783003973,ApPair:Ap061,expected_older,1
ApUPb,Ap062,104.155802675817,2.5216109320207,ApPair:Ap062,expected_older,1
ApUPb,Ap063,106.707562018148,1.66587021448957,ApPair:Ap063,expected_older,1
ApUPb,Ap064,93.3884068483457,2.51186094515634,ApPair:Ap064,expected_older,1
ApUPb,Ap065,105.046910285483,3.52894428349317,ApPair:Ap065,expected_older,1
ApUPb,Ap066,92.4302735480561,2.15557632904825,ApPair:Ap066,expected_older,1
ApUPb,Ap067,109.703391624293,2.20891365383863,ApPair:Ap067,expected_older,1
ApUPb,Ap068,109.567080134554,2.63667855433884,ApPair:Ap068,expected_older,1
ApUPb,Ap069,108.36734533012,3.02972249304527,ApPair:Ap069,expected_older,1
ApUPb,Ap070,110.617563271861,0.866039637219114,ApPair:Ap070,expected_older,1
ApUPb,Ap071,101.01526835153,2.78065752019751,ApPair:Ap071,expected_older,1
ApUPb,Ap072,95.0581752320055,1.8812509668094,ApPair:Ap072,expected_older,1
ApUPb,Ap073,97.6970265110641,2.65889556152521,ApPair:Ap073,expected_older,1
ApUPb,Ap074,101.24907910249,1.78654835709024,ApPair:Ap074,expected_older,1
ApUPb,Ap075,93.8606791649977,1.68137614491731,ApPair:Ap075,expected_older,1
ApUPb,Ap076,100.642509981224,2.73673807034408,ApPair:Ap076,expected_older,1
ApUPb,Ap077,102.527001035669,3.17646326206473,ApPair:Ap077,expected_older,1
ApUPb,Ap078,108.148037824323,2.46667915120543,ApPair:Ap078,expected_older,1
ApUPb,Ap079,107.348370806071,2.56707598316114,ApPair:Ap079,expected_older,1
ApUPb,Ap080,111.871814554266,2.63916331561292,ApPair:Ap080,expected_older,1
ApUPb,Ap081,108.767097464822,2.07064952537089,ApPair:Ap081,expected_older,1
ApUPb,Ap082,100.848090943229,1.95826169381336,ApPair:Ap082,expected_older,1
ApUPb,Ap083,119.903952347065,2.93979616523873,ApPair:Ap083,expected_older,1
ApUPb,Ap084,104.878456036289,2.86284995760029,ApPair:Ap084,expected_older,1
ApUPb,Ap085,88.9906827820282,2.40726654640231,ApPair:Ap085,expected_older,1
ApUPb,Ap086,99.3262315258539,2.77874726274891,ApPair:Ap086,expected_older,1
ApUPb,Ap087,103.702056699454,2.03940405061887,ApPair:Ap087,expected_older,1
ApUPb,Ap088,96.2294884359182,2.97130166391601,ApPair:Ap088,expected_older,1
ApUPb,Ap089,102.889880787289,3.39908958316486,ApPair:Ap089,expected_older,1
ApUPb,Ap090,104.929977915154,3.0323207568283,ApPair:Ap090,expected_older,1
ApUPb,Ap091,86.3333711774938,2.65203690198658,ApPair:Ap091,expected_older,1
ApUPb,Ap092,101.880493348398,3.04971154733912,ApPair:Ap092,expected_older,1
ApUPb,Ap093,108.838824473034,2.81496706080253,ApPair:Ap093,expected_older,1
ApUPb,Ap094,99.9733386228326,2.09143247509032,ApPair:Ap094,expected_older,1
ApUPb,Ap095,84.5654213696216,2.2966163975495,ApPair:Ap095,expected_older,1
ApUPb,Ap096,85.471652815476,2.40482117149385,ApPair:Ap096,expected_older,1
ApUPb,Ap097,97.3431533766797,3.22352279992622,ApPair:Ap097,expected_older,1
ApUPb,Ap098,109.735316062166,2.76860668926511,ApPair:Ap098,expected_older,1
ApUPb,Ap099,91.7278702503885,1.39412378117238,ApPair:Ap099,expected_older,1
ApUPb,Ap100,101.067215278545,2.3443746219059,ApPair:Ap100,expected_older,1
ApUPb,Ap101,96.2800492625857,2.8325193140367,ApPair:Ap101,expected_older,1
ApUPb,Ap102,97.7242723495696,2.62516326334162,ApPair:Ap102,expected_older,1
ApUPb,Ap103,122.006471519936,3.09817869337006,ApPair:Ap103,expected_older,1
ApUPb,Ap104,105.901032190539,2.1005784206838,ApPair:Ap104,expected_older,1
ZrnHe,Zrn001,59.4639809952454,2.38527966133871,ZrnPair:Zrn001,expected_younger,1
ZrnHe,Zrn002,75.0633457918229,2.31856335325876,ZrnPair:Zrn002,expected_younger,1
ZrnHe,Zrn003,43.9385208300143,1.32863631996566,ZrnPair:Zrn003,expected_younger,1
ZrnHe,Zrn004,41.2736473460199,1.32754410880567,ZrnPair:Zrn004,expected_younger,1
ZrnHe,Zrn005,59.7623518851296,1.2638987805649,ZrnPair:Zrn005,expected_younger,1
ZrnHe,Zrn006,68.1010521779782,2.06520263126653,ZrnPair:Zrn006,expected_younger,1
ZrnHe,Zrn007,60.1707886365659,1.91980325054965,ZrnPair:Zrn007,expected_younger,1
ZrnHe,Zrn008,57.0802039460619,2.20610565744083,ZrnPair:Zrn008,expected_younger,1
ZrnHe,Zrn009,73.1343742282545,1.21086035673332,ZrnPair:Zrn009,expected_younger,1
ZrnHe,Zrn010,71.4290103735771,2.22892556734013,ZrnPair:Zrn010,expected_younger,1
ZrnHe,Zrn011,59.0177331599423,2.83619676638995,ZrnPair:Zrn011,expected_younger,1
ZrnHe,Zrn012,67.8402069707984,1.63528079354828,ZrnPair:Zrn012,expected_younger,1
ZrnHe,Zrn013,78.4037168783584,2.63590647893802,ZrnPair:Zrn013,expected_younger,1
ZrnHe,Zrn014,57.934806820812,3.23847510154653,ZrnPair:Zrn014,expected_younger,1
ZrnHe,Zrn015,73.9554877154759,2.19500004618956,ZrnPair:Zrn015,expected_younger,1
ZrnHe,Zrn016,71.7878402285894,2.19525687061584,ZrnPair:Zrn016,expected_younger,1
ZrnHe,Zrn017,54.9010336898369,1.88678724271598,ZrnPair:Zrn017,expected_younger,1
ZrnHe,Zrn018,73.0522266650708,2.17589031434966,ZrnPair:Zrn018,expected_younger,1
ZrnHe,Zrn019,64.3034757925202,2.36183836090598,ZrnPair:Zrn019,expected_younger,1
ZrnHe,Zrn020,71.4585945840801,2.77477149538867,ZrnPair:Zrn020,expected_younger,1
ZrnHe,Zrn021,72.3197849170398,1.9863478148486,ZrnPair:Zrn021,expected_younger,1
ZrnHe,Zrn022,56.3610918716528,2.14238663717673,ZrnPair:Zrn022,expected_younger,1
ZrnHe,Zrn023,67.1706297691589,2.35756689601707,ZrnPair:Zrn023,expected_younger,1
ZrnHe,Zrn024,71.5456687179985,2.07302310179203,ZrnPair:Zrn024,expected_younger,1
ZrnHe,Zrn025,63.2867495320784,2.24172590306459,ZrnPair:Zrn025,expected_younger,1
ZrnHe,Zrn026,66.9380470482224,2.31349996289336,ZrnPair:Zrn026,expected_younger,1
ZrnHe,Zrn027,66.3752540298491,1.72110467172662,ZrnPair:Zrn027,expected_younger,1
ZrnHe,Zrn028,65.4956610826443,2.16202389123511,ZrnPair:Zrn028,expected_younger,1
ZrnHe,Zrn029,84.7994944924593,2.70458889557211,ZrnPair:Zrn029,expected_younger,1
ZrnHe,Zrn030,96.1058152347996,3.9935621899713,ZrnPair:Zrn030,expected_younger,1
ZrnHe,Zrn031,48.4454208459785,1.18091204316773,ZrnPair:Zrn031,expected_younger,1
ZrnHe,Zrn032,51.5972581131096,1.69951324516405,ZrnPair:Zrn032,expected_younger,1
ZrnHe,Zrn033,66.1548027636971,2.27473264073764,ZrnPair:Zrn033,expected_younger,1
ZrnHe,Zrn034,54.0207630282162,2.17720111505664,ZrnPair:Zrn034,expected_younger,1
ZrnHe,Zrn035,55.921275873038,2.0779337757796,ZrnPair:Zrn035,expected_younger,1
ZrnHe,Zrn036,41.6881006951288,2.03584540336983,ZrnPair:Zrn036,expected_younger,1
ZrnHe,Zrn037,62.4535129683866,2.69732195357383,ZrnPair:Zrn037,expected_younger,1
ZrnHe,Zrn038,58.7992038227106,2.42135468686078,ZrnPair:Zrn038,expected_younger,1
ZrnHe,Zrn039,83.9889035165649,2.83401607320107,ZrnPair:Zrn039,expected_younger,1
ZrnHe,Zrn040,71.5905697091989,2.53740199657783,ZrnPair:Zrn040,expected_younger,1
ZrnHe,Zrn041,66.3847509901114,2.885554106221,ZrnPair:Zrn041,expected_younger,1
ZrnHe,Zrn042,60.2144575833038,3.11761937505068,ZrnPair:Zrn042,expected_younger,1
ZrnHe,Zrn043,57.6915216653701,3.08363696638902,ZrnPair:Zrn043,expected_younger,1
ZrnHe,Zrn044,61.083828254345,2.08544261702775,ZrnPair:Zrn044,expected_younger,1
ZrnHe,Zrn045,69.8396048771449,1.96389584234587,ZrnPair:Zrn045,expected_younger,1
ZrnHe,Zrn046,81.0680237079698,2.82159575517199,ZrnPair:Zrn046,expected_younger,1
ZrnHe,Zrn047,78.2930777130304,3.18064311147014,ZrnPair:Zrn047,expected_younger,1
ZrnHe,Zrn048,91.9040141044105,3.20441194024828,ZrnPair:Zrn048,expected_younger,1
ZrnHe,Zrn049,83.0063706136185,2.8734963273821,ZrnPair:Zrn049,expected_younger,1
ZrnHe,Zrn050,85.452778558032,3.60990697921086,ZrnPair:Zrn050,expected_younger,1
ZrnHe,Zrn051,73.5409062150146,2.46251018074203,ZrnPair:Zrn051,expected_younger,1
ZrnHe,Zrn052,46.4345509280045,2.40086104401316,ZrnPair:Zrn052,expected_younger,1
ZrnHe,Zrn053,56.1683458227244,1.88905152753837,ZrnPair:Zrn053,expected_younger,1
ZrnHe,Zrn054,43.8877892698988,1.20779782289565,ZrnPair:Zrn054,expected_younger,1
ZrnHe,Zrn055,64.9300907908593,2.20839623987334,ZrnPair:Zrn055,expected_younger,1
ZrnHe,Zrn056,62.3234553041201,2.59140887019626,ZrnPair:Zrn056,expected_younger,1
ZrnHe,Zrn057,61.9809499961349,1.22309024194691,ZrnPair:Zrn057,expected_younger,1
ZrnHe,Zrn058,79.5515248254564,2.03773495426343,ZrnPair:Zrn058,expected_younger,1
ZrnHe,Zrn059,69.5106572864943,3.43135909337471,ZrnPair:Zrn059,expected_younger,1
ZrnHe,Zrn060,68.9394748371684,1.90803291191743,ZrnPair:Zrn060,expected_younger,1
ZrnHe,Zrn061,49.2037731218283,1.85746021067985,ZrnPair:Zrn061,expected_younger,1
ZrnHe,Zrn062,48.5735276710983,1.82400672566364,ZrnPair:Zrn062,expected_younger,1
ZrnHe,Zrn063,68.7523833127509,2.38163109930743,ZrnPair:Zrn063,expected_younger,1
ZrnHe,Zrn064,37.0365631337406,1.49520942905186,ZrnPair:Zrn064,expected_younger,1
ZrnHe,Zrn065,58.6923992500212,1.23619310405148,ZrnPair:Zrn065,expected_younger,1
ZrnHe,Zrn066,56.3909625297977,2.11484565321565,ZrnPair:Zrn066,expected_younger,1
ZrnHe,Zrn067,69.0722279482232,2.1609489201863,ZrnPair:Zrn067,expected_younger,1
ZrnHe,Zrn068,53.5049120259039,2.05932994519394,ZrnPair:Zrn068,expected_younger,1
ZrnHe,Zrn069,99.9931058662462,3.19679173685783,ZrnPair:Zrn069,expected_younger,1
ZrnHe,Zrn070,93.1150374107719,3.42376724637377,ZrnPair:Zrn070,expected_younger,1
ZrnHe,Zrn071,100.669929334273,3.23146952480467,ZrnPair:Zrn071,expected_younger,1
ZrnHe,Zrn072,92.6942119388064,2.72979571560878,ZrnPair:Zrn072,expected_younger,1
ZrnHe,Zrn073,84.3794804828147,2.52521354606211,ZrnPair:Zrn073,expected_younger,1
ZrnHe,Zrn074,96.8170842459386,2.95058575357483,ZrnPair:Zrn074,expected_younger,1
ZrnHe,Zrn075,89.0992227567687,3.94254599187003,ZrnPair:Zrn075,expected_younger,1
ZrnHe,Zrn076,99.574318542119,3.11556209957976,ZrnPair:Zrn076,expected_younger,1
ZrnHe,Zrn077,96.5767073688485,4.09516576811597,ZrnPair:Zrn077,expected_younger,1
ZrnHe,Zrn078,104.267483753611,4.42268688601502,ZrnPair:Zrn078,expected_younger,1
ZrnHe,Zrn079,97.5321698550409,3.50773472522978,ZrnPair:Zrn079,expected_younger,1
ZrnHe,Zrn080,96.4552560273648,2.61766002175382,ZrnPair:Zrn080,expected_younger,1
ZrnHe,Zrn081,105.616620376216,3.55814047242945,ZrnPair:Zrn081,expected_younger,1
ZrnHe,Zrn082,102.463667609788,4.39983694601098,ZrnPair:Zrn082,expected_younger,1
ZrnHe,Zrn083,121.019562136355,3.90732422311049,ZrnPair:Zrn083,expected_younger,1
ZrnHe,Zrn084,122.349821781882,3.76208497996241,ZrnPair:Zrn084,expected_younger,1
ZrnHe,Zrn085,121.945511271042,4.38053604042468,ZrnPair:Zrn085,expected_younger,1
ZrnHe,Zrn086,138.461535958246,5.42141165415812,ZrnPair:Zrn086,expected_younger,1
ZrnHe,Zrn087,134.185850138369,5.06922904137963,ZrnPair:Zrn087,expected_younger,1
ZrnHe,Zrn088,138.355229305391,3.72184231750113,ZrnPair:Zrn088,expected_younger,1
ZrnHe,Zrn089,127.794809730158,4.55291795088108,ZrnPair:Zrn089,expected_younger,1
ZrnHe,Zrn090,124.567369633253,4.05142274401422,ZrnPair:Zrn090,expected_younger,1
ZrnUPb,Zrn001,92.9326923130047,1.41448165919006,ZrnPair:Zrn001,expected_older,0
ZrnUPb,Zrn002,97.470602241768,2.53903845601842,ZrnPair:Zrn002,expected_older,0
ZrnUPb,Zrn003,93.7856096624753,1.45129300724575,ZrnPair:Zrn003,expected_older,0
ZrnUPb,Zrn004,90.6127741213976,1.3304438594333,ZrnPair:Zrn004,expected_older,0
ZrnUPb,Zrn005,97.4951644248902,2.12578338463231,ZrnPair:Zrn005,expected_older,0
ZrnUPb,Zrn006,111.25554426669,2.39412331498564,ZrnPair:Zrn006,expected_older,0
ZrnUPb,Zrn007,100.199294281495,2.270756345988,ZrnPair:Zrn007,expected_older,0
ZrnUPb,Zrn008,92.8407416124433,1.46515358485607,ZrnPair:Zrn008,expected_older,0
ZrnUPb,Zrn009,90.0015541228659,1.73203171134182,ZrnPair:Zrn009,expected_older,0
ZrnUPb,Zrn010,102.34576236292,1.89765010434385,ZrnPair:Zrn010,expected_older,0
ZrnUPb,Zrn011,97.6352537358016,1.47211462026663,ZrnPair:Zrn011,expected_older,0
ZrnUPb,Zrn012,106.553813456727,2.11618660063619,ZrnPair:Zrn012,expected_older,0
ZrnUPb,Zrn013,106.463008523142,3.303511364266,ZrnPair:Zrn013,expected_older,0
ZrnUPb,Zrn014,105.894026353843,0.848009499038143,ZrnPair:Zrn014,expected_older,0
ZrnUPb,Zrn015,94.8129838437632,1.53357803173915,ZrnPair:Zrn015,expected_older,0
ZrnUPb,Zrn016,104.300420846134,1.31592964676635,ZrnPair:Zrn016,expected_older,0
ZrnUPb,Zrn017,94.0819728691157,1.32545684457499,ZrnPair:Zrn017,expected_older,0
ZrnUPb,Zrn018,112.451979871284,2.94445940468963,ZrnPair:Zrn018,expected_older,0
ZrnUPb,Zrn019,102.005839279429,2.03097896054992,ZrnPair:Zrn019,expected_older,0
ZrnUPb,Zrn020,96.0936820548952,1.85166184706448,ZrnPair:Zrn020,expected_older,0
ZrnUPb,Zrn021,92.7870148210716,2.35593018630617,ZrnPair:Zrn021,expected_older,0
ZrnUPb,Zrn022,93.6190033105877,1.26893401687333,ZrnPair:Zrn022,expected_older,0
ZrnUPb,Zrn023,103.146203834039,2.03676573045138,ZrnPair:Zrn023,expected_older,0
ZrnUPb,Zrn024,92.8231290781219,1.74706059582549,ZrnPair:Zrn024,expected_older,0
ZrnUPb,Zrn025,102.966619627048,2.24617739716584,ZrnPair:Zrn025,expected_older,0
ZrnUPb,Zrn026,97.8690667589004,1.7595950607777,ZrnPair:Zrn026,expected_older,0
ZrnUPb,Zrn027,104.746874735959,2.58457478067063,ZrnPair:Zrn027,expected_older,0
ZrnUPb,Zrn028,109.8035088746,1.5829233490228,ZrnPair:Zrn028,expected_older,0
ZrnUPb,Zrn029,105.739989492652,1.14578598025189,ZrnPair:Zrn029,expected_older,0
ZrnUPb,Zrn030,111.775885614689,2.06783996965154,ZrnPair:Zrn030,expected_older,0
ZrnUPb,Zrn031,90.714011369831,1.52590796403107,ZrnPair:Zrn031,expected_older,0
ZrnUPb,Zrn032,87.9366679934511,1.76993093658178,ZrnPair:Zrn032,expected_older,0
ZrnUPb,Zrn033,105.642187700471,2.32629468360755,ZrnPair:Zrn033,expected_older,0
ZrnUPb,Zrn034,98.3561871528187,2.57539260522807,ZrnPair:Zrn034,expected_older,0
ZrnUPb,Zrn035,99.0196585918955,2.00102134666512,ZrnPair:Zrn035,expected_older,0
ZrnUPb,Zrn036,90.3203058376377,1.807457906077,ZrnPair:Zrn036,expected_older,0
ZrnUPb,Zrn037,96.2112407282107,1.12863509525768,ZrnPair:Zrn037,expected_older,0
ZrnUPb,Zrn038,90.8965509658073,1.28094852776244,ZrnPair:Zrn038,expected_older,0
ZrnUPb,Zrn039,113.05495551274,2.38001060678396,ZrnPair:Zrn039,expected_older,0
ZrnUPb,Zrn040,91.9697562087461,1.675180018005,ZrnPair:Zrn040,expected_older,0
ZrnUPb,Zrn041,101.426004140982,3.3549724983078,ZrnPair:Zrn041,expected_older,0
ZrnUPb,Zrn042,84.9098959347131,0.970327239547528,ZrnPair:Zrn042,expected_older,0
ZrnUPb,Zrn043,104.937284592824,1.13202294604772,ZrnPair:Zrn043,expected_older,0
ZrnUPb,Zrn044,96.4955064040434,1.87716319068721,ZrnPair:Zrn044,expected_older,0
ZrnUPb,Zrn045,105.589011194929,1.78113003240891,ZrnPair:Zrn045,expected_older,0
ZrnUPb,Zrn046,108.490386838665,1.50260915211522,ZrnPair:Zrn046,expected_older,0
ZrnUPb,Zrn047,95.1127050322502,2.37018209455562,ZrnPair:Zrn047,expected_older,0
ZrnUPb,Zrn048,108.015045892465,1.15449146575492,ZrnPair:Zrn048,expected_older,0
ZrnUPb,Zrn049,112.82310065898,2.36248028708605,ZrnPair:Zrn049,expected_older,0
ZrnUPb,Zrn050,103.412566791435,1.49172982612653,ZrnPair:Zrn050,expected_older,0
ZrnUPb,Zrn051,109.780549658919,1.57160821574429,ZrnPair:Zrn051,expected_older,0
ZrnUPb,Zrn052,92.2686061253925,1.63624146442312,ZrnPair:Zrn052,expected_older,0
ZrnUPb,Zrn053,102.07036440088,2.34383477533783,ZrnPair:Zrn053,expected_older,0
ZrnUPb,Zrn054,81.9543786245269,1.57252042831881,ZrnPair:Zrn054,expected_older,0
ZrnUPb,Zrn055,87.3232048924119,2.16267671946877,ZrnPair:Zrn055,expected_older,0
ZrnUPb,Zrn056,107.528344401681,1.47093567862702,ZrnPair:Zrn056,expected_older,0
ZrnUPb,Zrn057,107.994220232097,2.43791123820142,ZrnPair:Zrn057,expected_older,0
ZrnUPb,Zrn058,101.43440029881,1.59762532574796,ZrnPair:Zrn058,expected_older,0
ZrnUPb,Zrn059,110.320570288468,2.62115585955978,ZrnPair:Zrn059,expected_older,0
ZrnUPb,Zrn060,93.9676590496178,2.02799562011806,ZrnPair:Zrn060,expected_older,0
ZrnUPb,Zrn061,92.2961840541809,2.98585350761453,ZrnPair:Zrn061,expected_older,0
ZrnUPb,Zrn062,98.4768541677244,1.82225307824911,ZrnPair:Zrn062,expected_older,0
ZrnUPb,Zrn063,84.8032934992796,1.16459016252483,ZrnPair:Zrn063,expected_older,0
ZrnUPb,Zrn064,83.4443684364232,0.694833920963664,ZrnPair:Zrn064,expected_older,0
ZrnUPb,Zrn065,95.4844679259742,2.37420257594707,ZrnPair:Zrn065,expected_older,0
ZrnUPb,Zrn066,105.459354200566,2.12713145968239,ZrnPair:Zrn066,expected_older,0
ZrnUPb,Zrn067,100.347561061648,2.32671458412055,ZrnPair:Zrn067,expected_older,0
ZrnUPb,Zrn068,98.1634895959019,1.59117488676725,ZrnPair:Zrn068,expected_older,0
ZrnUPb,Zrn069,102.617046552229,1.8701613364326,ZrnPair:Zrn069,expected_older,0
ZrnUPb,Zrn070,98.4678279115548,1.38073637219793,ZrnPair:Zrn070,expected_older,0
ZrnUPb,Zrn071,103.340094711785,2.61277922529735,ZrnPair:Zrn071,expected_older,0
ZrnUPb,Zrn072,104.447643273597,2.18113781573968,ZrnPair:Zrn072,expected_older,0
ZrnUPb,Zrn073,94.5492195555331,2.6671323804143,ZrnPair:Zrn073,expected_older,0
ZrnUPb,Zrn074,107.342558458398,1.74587590651859,ZrnPair:Zrn074,expected_older,0
ZrnUPb,Zrn075,100.478875071108,2.21271709384869,ZrnPair:Zrn075,expected_older,0
ZrnUPb,Zrn076,102.425353403317,2.22468488781658,ZrnPair:Zrn076,expected_older,0
ZrnUPb,Zrn077,102.432683293982,1.83280234509026,ZrnPair:Zrn077,expected_older,0
ZrnUPb,Zrn078,106.977832644051,2.75013165380692,ZrnPair:Zrn078,expected_older,0
ZrnUPb,Zrn079,101.640100870541,2.80065020454482,ZrnPair:Zrn079,expected_older,0
ZrnUPb,Zrn080,100.748913797742,2.61109002374461,ZrnPair:Zrn080,expected_older,0
ZrnUPb,Zrn081,112.307692486692,2.55215919852667,ZrnPair:Zrn081,expected_older,0
ZrnUPb,Zrn082,107.149289284324,1.57128465870646,ZrnPair:Zrn082,expected_older,0
ZrnUPb,Zrn083,98.48919283592,1.69472557556448,ZrnPair:Zrn083,expected_older,0
ZrnUPb,Zrn084,102.508080487005,2.72725993232461,ZrnPair:Zrn084,expected_older,0
ZrnUPb,Zrn085,97.3930247164175,1.03205679074725,ZrnPair:Zrn085,expected_older,0
ZrnUPb,Zrn086,93.7000495401517,2.2234957167245,ZrnPair:Zrn086,expected_older,0
ZrnUPb,Zrn087,103.228220115446,2.32715396659682,ZrnPair:Zrn087,expected_older,0
ZrnUPb,Zrn088,107.997317267488,2.33512593347963,ZrnPair:Zrn088,expected_older,0
ZrnUPb,Zrn089,107.934289186257,3.21001024121285,ZrnPair:Zrn089,expected_older,0
ZrnUPb,Zrn090,96.1178806273436,1.70515710314001,ZrnPair:Zrn090,expected_older,0
